{"accel_offsets": {"x": 1026.1120000000005, "y": -29.487999999999737, "z": 1733.3199999999997}, "gyro_offsets": {"x": 76.364, "y": -429.258, "z": -142.919}}